{
    "model_name": "Logistic Regression (Weighted)",
    "accuracy": 0.513,
    "precision": 0.15692307692307692,
    "recall": 0.5016393442622951,
    "f1_score": 0.2390625,
    "roc_auc": 0.5008327288553605,
    "confusion_matrix": [
        [
            873,
            822
        ],
        [
            152,
            153
        ]
    ]
}