{
    "model_name": "Logistic Regression Weighted",
    "accuracy": 0.521,
    "precision": 0.16649642492339123,
    "recall": 0.5344262295081967,
    "f1_score": 0.2538940809968847,
    "roc_auc": 0.5300507761497171,
    "confusion_matrix": [
        [
            879,
            816
        ],
        [
            142,
            163
        ]
    ]
}