{
    "model_name": "XGBoost",
    "accuracy": 0.7792207792207793,
    "precision": 0.6851851851851852,
    "recall": 0.6851851851851852,
    "f1_score": 0.6851851851851852,
    "roc_auc": 0.8066666666666666,
    "confusion_matrix": [
        [
            83,
            17
        ],
        [
            17,
            37
        ]
    ],
    "cv_results": {
        "accuracy_mean": 0.7262961482073838,
        "accuracy_std": 0.036264668446391195,
        "precision_mean": 0.6272180451127819,
        "precision_std": 0.07289975286309412,
        "recall_mean": 0.5512735326688816,
        "recall_std": 0.0462121880369029,
        "f1_mean": 0.5845542349145804,
        "f1_std": 0.04563149089585909
    }
}