{
    "model_name": "LightGBM (SMOTE)",
    "accuracy": 0.7719298245614035,
    "precision": 0.7894736842105263,
    "recall": 0.9259259259259259,
    "f1_score": 0.8522727272727273,
    "roc_auc": 0.7938645716423495,
    "confusion_matrix": [
        [
            13,
            20
        ],
        [
            6,
            75
        ]
    ]
}