{
    "model_name": "LightGBM SMOTE",
    "accuracy": 0.7719298245614035,
    "precision": 0.7956989247311828,
    "recall": 0.9135802469135802,
    "f1_score": 0.8505747126436781,
    "roc_auc": 0.7770295548073326,
    "confusion_matrix": [
        [
            14,
            19
        ],
        [
            7,
            74
        ]
    ]
}